{
  "hash": "1f6f2764",
  "configHash": "0fc72512",
  "lockfileHash": "52139f66",
  "browserHash": "ae91278c",
  "optimized": {
    "@angular/common": {
      "src": "../../../../../node_modules/@angular/common/fesm2022/common.mjs",
      "file": "@angular_common.js",
      "fileHash": "cb6eff4b",
      "needsInterop": false
    },
    "@angular/common/http": {
      "src": "../../../../../node_modules/@angular/common/fesm2022/http.mjs",
      "file": "@angular_common_http.js",
      "fileHash": "d7957692",
      "needsInterop": false
    },
    "@angular/core": {
      "src": "../../../../../node_modules/@angular/core/fesm2022/core.mjs",
      "file": "@angular_core.js",
      "fileHash": "c87c7ce5",
      "needsInterop": false
    },
    "@angular/forms": {
      "src": "../../../../../node_modules/@angular/forms/fesm2022/forms.mjs",
      "file": "@angular_forms.js",
      "fileHash": "326f7799",
      "needsInterop": false
    },
    "@angular/material/snack-bar": {
      "src": "../../../../../node_modules/@angular/material/fesm2022/snack-bar.mjs",
      "file": "@angular_material_snack-bar.js",
      "fileHash": "4da8309a",
      "needsInterop": false
    },
    "@angular/platform-browser": {
      "src": "../../../../../node_modules/@angular/platform-browser/fesm2022/platform-browser.mjs",
      "file": "@angular_platform-browser.js",
      "fileHash": "15b5baa7",
      "needsInterop": false
    },
    "@angular/platform-browser/animations": {
      "src": "../../../../../node_modules/@angular/platform-browser/fesm2022/animations.mjs",
      "file": "@angular_platform-browser_animations.js",
      "fileHash": "63dec667",
      "needsInterop": false
    },
    "@angular/platform-browser/animations/async": {
      "src": "../../../../../node_modules/@angular/platform-browser/fesm2022/animations/async.mjs",
      "file": "@angular_platform-browser_animations_async.js",
      "fileHash": "9c01b3d6",
      "needsInterop": false
    },
    "@angular/router": {
      "src": "../../../../../node_modules/@angular/router/fesm2022/router.mjs",
      "file": "@angular_router.js",
      "fileHash": "b6193b55",
      "needsInterop": false
    }
  },
  "chunks": {
    "browser-ESY2E3U6": {
      "file": "browser-ESY2E3U6.js"
    },
    "chunk-XRW3NMVU": {
      "file": "chunk-XRW3NMVU.js"
    },
    "chunk-WQWGNG4U": {
      "file": "chunk-WQWGNG4U.js"
    },
    "chunk-IYFGNASP": {
      "file": "chunk-IYFGNASP.js"
    },
    "chunk-5WZC5UMZ": {
      "file": "chunk-5WZC5UMZ.js"
    },
    "chunk-VDPCMK5G": {
      "file": "chunk-VDPCMK5G.js"
    },
    "chunk-3GTIAXKT": {
      "file": "chunk-3GTIAXKT.js"
    }
  }
}